Prediction,mean_position_diff
Prediction 3,3.8392033534018517
Prediction 4,4.110261157304864
Prediction 5,3.8911942003810447
