Prediction,mean_position_diff
Prediction 3,3.2658757310575703
Prediction 4,3.388084404084976
Prediction 5,3.3406705575325084
