Prediction,mean_position_diff
Prediction 3,3.3588248593379686
Prediction 4,3.476212171521567
Prediction 5,3.4314508860742476
